,value
lcoe_zero_rwanda,2.638771256
lcoe_full_rwanda,1.051509466
lcoe_reduction_pct_rwanda,60.151549187558686
avoided_storage_pct_rwanda,17.94871795
avoided_storage_kwh_rwanda,140.0
tou_lcoe_reduction_pct_rwanda,5.394782688
multiple_base_rwanda,9.400572618
multiple_max_rate_rwanda,13.68980482
band_factor_year1_rwanda,2.132776734
band_factor_final_rwanda,3.255019409
blended_pre_year1_rwanda,0.06095890411
blended_post_year1_rwanda,0.1300117324
lcoe_zero_kenya,6.076882197
lcoe_full_kenya,1.037396606
lcoe_reduction_pct_kenya,82.92880177087955
avoided_storage_pct_kenya,27.27272727
avoided_storage_kwh_kenya,180.0
tou_lcoe_reduction_pct_kenya,7.100385353
multiple_base_kenya,10.60857631
multiple_max_rate_kenya,15.31623478
band_factor_year1_kenya,1.345053148
band_factor_final_kenya,1.345053148
blended_pre_year1_kenya,0.09480620155
blended_post_year1_kenya,0.1275193798
tou_lcoe_reduction_pct_min,5.394782688
tou_lcoe_reduction_pct_max,7.100385353
multiple_max_rate_min,13.68980482
multiple_max_rate_max,15.31623478
lcoe_reduction_pct_min,60.151549187558686
lcoe_reduction_pct_max,82.92880177087955
avoided_storage_pct_min,17.94871795
avoided_storage_pct_max,27.27272727
multiple_base_min,9.400572618
multiple_base_max,10.60857631
ens_n_seeds,24.0
ens_avoided_battery_kwh_rwanda,165.0
ens_avoided_battery_kwh_rwanda_lo,157.0269222
ens_avoided_battery_kwh_rwanda_hi,172.9730778
ens_avoided_battery_pct_rwanda,21.16649798
ens_avoided_battery_pct_rwanda_lo,20.18673135
ens_avoided_battery_pct_rwanda_hi,22.1462646
ens_tou_lcoe_change_pct_rwanda,-4.997721056
ens_tou_lcoe_change_pct_rwanda_lo,-5.15844522
ens_tou_lcoe_change_pct_rwanda_hi,-4.836996892
ens_lcoe_reduction_pct_0_to_full_rwanda,59.94529053
ens_lcoe_reduction_pct_0_to_full_rwanda_lo,59.84653136
ens_lcoe_reduction_pct_0_to_full_rwanda_hi,60.0440497
ens_lcoe_flat_full_rwanda,1.051392596
ens_lcoe_flat_full_rwanda_lo,1.050229103
ens_lcoe_flat_full_rwanda_hi,1.052556089
ens_battery_flat_full_rwanda,779.1666667
ens_battery_flat_full_rwanda_lo,776.1378525
ens_battery_flat_full_rwanda_hi,782.1954808
ens_peak_cooking_increase_pct_rwanda,32.01775601
ens_peak_cooking_increase_pct_rwanda_lo,29.24851649
ens_peak_cooking_increase_pct_rwanda_hi,34.78699554
ens_avoided_battery_kwh_kenya,219.1666667
ens_avoided_battery_kwh_kenya_lo,212.8276244
ens_avoided_battery_kwh_kenya_hi,225.5057089
ens_avoided_battery_pct_kenya,32.6983066
ens_avoided_battery_pct_kenya_lo,31.86424029
ens_avoided_battery_pct_kenya_hi,33.5323729
ens_tou_lcoe_change_pct_kenya,-6.761928849
ens_tou_lcoe_change_pct_kenya_lo,-6.918776312
ens_tou_lcoe_change_pct_kenya_hi,-6.605081385
ens_lcoe_reduction_pct_0_to_full_kenya,82.9972239
ens_lcoe_reduction_pct_0_to_full_kenya_lo,82.9657161
ens_lcoe_reduction_pct_0_to_full_kenya_hi,83.0287317
ens_lcoe_flat_full_kenya,1.038066466
ens_lcoe_flat_full_kenya_lo,1.036555667
ens_lcoe_flat_full_kenya_hi,1.039577266
ens_battery_flat_full_kenya,670.0
ens_battery_flat_full_kenya_lo,665.6865507
ens_battery_flat_full_kenya_hi,674.3134493
ens_peak_cooking_increase_pct_kenya,32.01775601
ens_peak_cooking_increase_pct_kenya_lo,29.24851649
ens_peak_cooking_increase_pct_kenya_hi,34.78699554
opsub_rwanda,484.828949
opsub_kenya,429.9449921
