country,appliance,ownership_rate,measured_minutes,n_households,n_before_filters,n_in_asset_file,denominator
rwanda,mobile_charger,0.715,,1115,5706.0,,
rwanda,cfl_bulb,0.5406,376.0,1115,5706.0,,
rwanda,incandescent_bulb,0.3814,325.0,1115,5706.0,,
rwanda,torch_lantern,0.2361,101.0,1115,5706.0,,
rwanda,radio_cd_system,0.1973,290.0,1115,5706.0,,
rwanda,smartphone_charger,0.1685,,1115,5706.0,,
rwanda,radio,0.1477,319.0,1115,5706.0,,
rwanda,led_bulb,0.1057,371.0,1115,5706.0,,
rwanda,tv_colour,0.0688,226.0,1115,5706.0,,
rwanda,electric_iron,0.068,,1115,5706.0,,
rwanda,tv_flat,0.0494,210.0,1115,5706.0,,
rwanda,vcd_dvd,0.0255,,1115,5706.0,,
rwanda,tv_bw,0.0186,232.0,1115,5706.0,,
rwanda,computer,0.0155,,1115,5706.0,,
rwanda,fluorescent_tube,0.0147,426.0,1115,5706.0,,
rwanda,kettle,0.0127,,1115,5706.0,,
rwanda,refrigerator,0.0061,432.0,1115,5706.0,,
rwanda,modem_router,0.0026,,1115,5706.0,,
rwanda,fan,0.0007,720.0,1115,5706.0,,
kenya,tv_colour,0.0959,,521,,324.0,all_households
kenya,incandescent_bulb,0.0829,,521,,324.0,all_households
kenya,vcd_dvd,0.0733,,521,,324.0,all_households
kenya,radio,0.0675,,521,,324.0,all_households
kenya,fluorescent_tube,0.044,,521,,324.0,all_households
kenya,tv_flat,0.0421,,521,,324.0,all_households
kenya,mobile_charger,0.039,,521,,324.0,all_households
kenya,electric_iron,0.0348,,521,,324.0,all_households
kenya,smartphone_charger,0.0319,,521,,324.0,all_households
kenya,torch_lantern,0.0252,,521,,324.0,all_households
kenya,cfl_bulb,0.0202,,521,,324.0,all_households
kenya,led_bulb,0.0182,,521,,324.0,all_households
kenya,kettle,0.0041,,521,,324.0,all_households
kenya,refrigerator,0.004,,521,,324.0,all_households
kenya,computer,0.0034,,521,,324.0,all_households
kenya,tv_bw,0.0028,,521,,324.0,all_households
kenya,fan,0.0001,,521,,324.0,all_households
