site,year,ghi_kwh_m2_yr,mean_temp_c,pv_yield_kwh_per_kwp,hours
rwanda,2005,1770.2,18.49,1411.0,8760
rwanda,2006,1771.9,18.3,1413.0,8760
rwanda,2007,1714.9,18.06,1373.2,8760
rwanda,2008,1746.9,17.79,1401.3,8784
rwanda,2009,1787.7,17.92,1429.6,8760
rwanda,2010,1820.4,18.2,1450.9,8760
rwanda,2011,1701.6,17.99,1362.7,8760
rwanda,2012,1706.8,18.09,1368.9,8784
rwanda,2013,1746.6,18.0,1398.4,8760
rwanda,2014,1732.0,18.08,1387.6,8760
rwanda,2015,1742.3,18.38,1392.7,8760
rwanda,2016,1781.8,18.48,1421.3,8784
rwanda,2017,1775.6,18.65,1416.1,8760
rwanda,2018,1752.5,17.73,1403.9,8760
rwanda,2019,1722.4,18.44,1378.2,8760
rwanda,2020,1729.3,18.15,1385.5,8784
rwanda,2021,1727.2,18.14,1383.4,8760
rwanda,2022,1691.1,17.95,1356.8,8760
rwanda,2023,1734.4,18.81,1383.3,8760
rwanda,2024,1750.5,19.02,1394.4,8784
kenya,2005,2123.9,24.93,1653.3,8760
kenya,2006,2088.6,24.39,1630.3,8760
kenya,2007,2073.0,24.49,1618.5,8760
kenya,2008,2100.7,24.36,1641.3,8784
kenya,2009,2133.3,24.55,1663.5,8760
kenya,2010,2063.1,24.45,1613.2,8760
kenya,2011,2032.5,24.33,1590.7,8760
kenya,2012,2101.5,24.44,1641.2,8784
kenya,2013,2095.9,24.4,1637.4,8760
kenya,2014,2065.8,24.47,1615.1,8760
kenya,2015,2115.3,24.53,1650.4,8760
kenya,2016,2109.3,24.93,1643.8,8784
kenya,2017,2144.0,24.76,1670.5,8760
kenya,2018,2030.2,24.05,1591.2,8760
kenya,2019,2079.2,24.53,1622.7,8760
kenya,2020,2054.7,24.18,1608.8,8784
kenya,2021,2069.1,24.27,1618.9,8760
kenya,2022,1977.4,24.18,1551.8,8760
kenya,2023,2061.9,24.77,1609.9,8760
kenya,2024,2006.2,24.97,1568.2,8784
