site,penetration,tariff,discount,phi,curtailed_fraction
kenya,0,flat,0,0,0.5505231813
kenya,0,flat,0,0.3,0.5505231813
kenya,0,flat,0,0.5,0.5505231813
kenya,0,tou,0,0,0.5505231813
kenya,0,tou,0,0.3,0.5505231813
kenya,0,tou,0,0.5,0.5505231813
kenya,0,tou,0.02,0,0.5505231813
kenya,0,tou,0.02,0.3,0.5505231813
kenya,0,tou,0.02,0.5,0.5505231813
kenya,0.5,flat,0,0,0.4914037492
kenya,0.5,flat,0,0.3,0.4914037492
kenya,0.5,flat,0,0.5,0.4914037492
kenya,0.5,tou,0,0,0.4914037492
kenya,0.5,tou,0,0.3,0.4914037492
kenya,0.5,tou,0,0.5,0.4914037492
kenya,0.5,tou,0.02,0,0.4914037492
kenya,0.5,tou,0.02,0.3,0.4947821253
kenya,0.5,tou,0.02,0.5,0.513991055
kenya,1,flat,0,0,0.5062496283
kenya,1,flat,0,0.3,0.5062496283
kenya,1,flat,0,0.5,0.5062496283
kenya,1,tou,0,0,0.5062496283
kenya,1,tou,0,0.3,0.5062496283
kenya,1,tou,0,0.5,0.5062496283
kenya,1,tou,0.02,0,0.5062496283
kenya,1,tou,0.02,0.3,0.4900614034
kenya,1,tou,0.02,0.5,0.4918458949
rwanda,0,flat,0,0,0.5290365754
rwanda,0,flat,0,0.3,0.5290365754
rwanda,0,flat,0,0.5,0.5290365754
rwanda,0,tou,0,0,0.5290365754
rwanda,0,tou,0,0.3,0.5290365754
rwanda,0,tou,0,0.5,0.5290365754
rwanda,0,tou,0.02,0,0.5290365754
rwanda,0,tou,0.02,0.3,0.5290365754
rwanda,0,tou,0.02,0.5,0.5290365754
rwanda,0.5,flat,0,0,0.4838762238
rwanda,0.5,flat,0,0.3,0.4838762238
rwanda,0.5,flat,0,0.5,0.4838762238
rwanda,0.5,tou,0,0,0.4838762238
rwanda,0.5,tou,0,0.3,0.4838762238
rwanda,0.5,tou,0,0.5,0.4838762238
rwanda,0.5,tou,0.02,0,0.4838762238
rwanda,0.5,tou,0.02,0.3,0.511384735
rwanda,0.5,tou,0.02,0.5,0.4740695488
rwanda,1,flat,0,0,0.4827920188
rwanda,1,flat,0,0.3,0.4827920188
rwanda,1,flat,0,0.5,0.4827920188
rwanda,1,tou,0,0,0.4827920188
rwanda,1,tou,0,0.3,0.4827920188
rwanda,1,tou,0,0.5,0.4827920188
rwanda,1,tou,0.02,0,0.4827920188
rwanda,1,tou,0.02,0.3,0.4933805708
rwanda,1,tou,0.02,0.5,0.4709230782
