quantity,n_seeds,mean,sd,ci95_lo,ci95_hi,p2_5,p97_5,min,max,site
avoided_battery_kwh,24,165,18.88178326,157.0269222,172.9730778,140,188.5,140,200,rwanda
avoided_battery_pct,24,21.16649798,2.32027599,20.18673135,22.1462646,17.94871795,23.89423077,17.94871795,25,rwanda
tou_lcoe_change_pct,24,-4.997721056,0.3806257635,-5.15844522,-4.836996892,-5.581489278,-4.448162842,-5.677606787,-4.342553764,rwanda
lcoe_reduction_pct_0_to_full,24,59.94529053,0.2338807271,59.84653136,60.0440497,59.56687425,60.25243161,59.55928332,60.27776708,rwanda
lcoe_flat_full,24,1.051392596,0.002755375434,1.050229103,1.052556089,1.046322562,1.055910464,1.045304873,1.055997766,rwanda
battery_flat_full,24,779.1666667,7.172815024,776.1378525,782.1954808,760,788.5,760,800,rwanda
peak_cooking_increase_pct,24,32.01775601,6.558092331,29.24851649,34.78699554,21.67196635,41.46039668,19.79444233,42.05004036,rwanda
avoided_battery_kwh,24,219.1666667,15.01207244,212.8276244,225.5057089,191.5,240,180,240,kenya
avoided_battery_pct,24,32.6983066,1.975229582,31.86424029,33.5323729,29.01515152,35.29411765,27.27272727,35.29411765,kenya
tou_lcoe_change_pct,24,-6.761928849,0.3714449896,-6.918776312,-6.605081385,-7.202361549,-6.068356197,-7.260087551,-5.992349867,kenya
lcoe_reduction_pct_0_to_full,24,82.9972239,0.07461654281,82.9657161,83.0287317,82.88039553,83.11652847,82.87230842,83.1183051,kenya
lcoe_flat_full,24,1.038066466,0.003577864577,1.036555667,1.039577266,1.030886645,1.043004733,1.030877383,1.0433455,kenya
battery_flat_full,24,670,10.21507837,665.6865507,674.3134493,660,680,660,680,kenya
peak_cooking_increase_pct,24,32.01775601,6.558092331,29.24851649,34.78699554,21.67196635,41.46039668,19.79444233,42.05004036,kenya
