seed,lcoe_zero,lcoe_flat_full,lcoe_tou_full,battery_flat_full,battery_tou_full,avoided_battery_kwh,avoided_battery_pct,tou_lcoe_change_pct,lcoe_reduction_pct_0_to_full,peak_cooking_increase_pct,site
1,2.609812441,1.054433344,0.997667659,780,640,140,17.94871795,-5.383525225,59.59735162,26.74736431,rwanda
2,2.630311154,1.051254509,1.005603217,780,600,180,23.07692308,-4.342553764,60.03307414,42.05004036,rwanda
3,2.604509521,1.053282316,0.9965744352,780,640,140,17.94871795,-5.383920375,59.55928332,24.57098284,rwanda
4,2.643695382,1.054153365,1.001916336,780,620,160,20.51282051,-4.955353829,60.12576288,27.67644726,rwanda
5,2.649578824,1.052471872,0.9976869543,780,640,140,17.94871795,-5.205356932,60.27776708,28.96776826,rwanda
6,2.634298993,1.048438037,1.000822009,780,600,180,23.07692308,-4.54161589,60.20049204,40.43532859,rwanda
7,2.627906772,1.048678191,0.9997510306,780,640,140,17.94871795,-4.665602906,60.09454362,41.02457309,rwanda
8,2.610090438,1.051413025,0.9934754792,780,620,160,20.51282051,-5.510445902,59.71737187,27.1248475,rwanda
9,2.608307682,1.047074767,0.9974339611,780,600,180,23.07692308,-4.740903667,59.85616367,32.68826252,rwanda
10,2.633542197,1.049282949,0.9966245057,800,600,200,25,-5.01851706,60.15697221,31.46569225,rwanda
11,2.635092511,1.050466975,0.9991497968,780,600,180,23.07692308,-4.885177681,60.13548022,34.51899757,rwanda
12,2.643116793,1.054094775,0.9980358167,780,620,160,20.51282051,-5.318208528,60.11925097,19.79444233,rwanda
13,2.641874987,1.055997766,0.9960423651,780,620,160,20.51282051,-5.677606787,60.0284733,24.46849633,rwanda
14,2.610454458,1.051526557,0.9948452867,780,640,140,17.94871795,-5.390379299,59.71864005,29.82384269,rwanda
15,2.630520301,1.051490082,1.001957078,780,600,180,23.07692308,-4.71074377,60.02729645,37.79824194,rwanda
16,2.628620252,1.045304873,0.9971176862,780,620,160,20.51282051,-4.609869154,60.2337054,40.00852152,rwanda
17,2.602829145,1.050820989,0.9959367434,760,620,140,18.42105263,-5.222987213,59.62773848,34.65304385,rwanda
18,2.604291786,1.050619647,1.003023733,780,600,180,23.07692308,-4.530270723,59.65814379,38.63826232,rwanda
19,2.632352794,1.051781874,1.004175894,780,600,180,23.07692308,-4.526221726,60.04403831,39.27847588,rwanda
20,2.604721942,1.048571243,1.001080292,780,600,180,23.07692308,-4.52911058,59.743448,38.25448613,rwanda
21,2.626875763,1.05034932,0.9950862542,780,600,180,23.07692308,-5.261398744,60.01526471,27.18912435,rwanda
22,2.610806628,1.055484243,0.9985643081,760,620,140,18.42105263,-5.392779196,59.57248494,25.72435395,rwanda
23,2.637668633,1.055845937,1.00240396,780,600,180,23.07692308,-5.061531723,59.97048592,23.05970149,rwanda
24,2.63792189,1.050585638,0.9972030216,780,600,180,23.07692308,-5.081224681,60.1737397,32.46484698,rwanda
1,6.094712549,1.040830832,0.968452773,660,440,220,33.33333333,-6.953873424,82.9223967,26.74736431,kenya
2,6.081691732,1.039272257,0.9742766568,680,440,240,35.29411765,-6.253953178,82.9114611,42.05004036,kenya
3,6.084841854,1.041337141,0.9689784871,680,460,220,32.35294118,-6.948628969,82.88637295,24.57098284,kenya
4,6.106922789,1.03968274,0.9659164871,680,440,240,35.29411765,-7.095073307,82.97534167,27.67644726,kenya
5,6.142353702,1.037273547,0.9619665793,660,460,200,30.3030303,-7.260087551,83.11276756,28.96776826,kenya
6,6.096650559,1.0346238,0.9726255223,660,460,200,30.3030303,-5.992349867,83.02963586,40.43532859,kenya
7,6.09597729,1.042042414,0.9712379208,660,460,200,30.3030303,-6.794780315,82.9060647,41.02457309,kenya
8,6.109809732,1.035238542,0.9651359401,660,440,220,33.33333333,-6.771637594,83.05612469,27.1248475,kenya
9,6.091610077,1.039163355,0.9651683086,660,480,180,27.27272727,-7.12063659,82.94107237,32.68826252,kenya
10,6.109625161,1.03599494,0.9660153938,680,460,220,32.35294118,-6.754815449,83.04323239,31.46569225,kenya
11,6.12794947,1.041602576,0.9689266998,660,460,200,30.3030303,-6.977313364,83.00242878,34.51899757,kenya
12,6.110881336,1.039669456,0.9652322994,680,460,220,32.35294118,-7.159694505,82.98658738,19.79444233,kenya
13,6.134174269,1.040818699,0.9684968881,660,440,220,33.33333333,-6.948550299,83.03245631,24.46849633,kenya
14,6.127085916,1.039193824,0.9655513342,680,440,240,35.29411765,-7.086501887,83.0393463,29.82384269,kenya
15,6.055795165,1.037217919,0.9692812131,680,460,220,32.35294118,-6.549897019,82.87230842,37.79824194,kenya
16,6.105362922,1.030877383,0.9676345417,680,460,220,32.35294118,-6.134855876,83.11521532,40.00852152,kenya
17,6.085687344,1.030893491,0.9627607628,680,460,220,32.35294118,-6.609094802,83.0603606,34.65304385,kenya
18,6.11698486,1.038700631,0.9727992632,680,460,220,32.35294118,-6.344596875,83.01940164,38.63826232,kenya
19,6.087841293,1.039670134,0.9725203292,680,440,240,35.29411765,-6.458760598,82.92218729,39.27847588,kenya
20,6.114385666,1.032211933,0.9689937544,660,440,220,33.33333333,-6.124534789,83.1183051,38.25448613,kenya
21,6.128069038,1.036840887,0.9633684401,680,440,240,35.29411765,-7.08618341,83.08046335,27.18912435,kenya
22,6.113177582,1.0433455,0.9708483003,660,440,220,33.33333333,-6.948532366,82.93284489,25.72435395,kenya
23,6.116573345,1.042752861,0.9682912507,660,440,220,33.33333333,-7.140868463,82.9520092,23.05970149,kenya
24,6.089724231,1.034340332,0.9643044043,660,440,220,33.33333333,-6.771071868,83.01498898,32.46484698,kenya
