year,penetration,mean_kwh_month,p10_kwh_month,p90_kwh_month,revenue_household_billing,revenue_mean_household,bias_pct,blended_rate_mean_hh,blended_rate_household_p10,blended_rate_household_median,blended_rate_household_p90,share_hh_months_above_lifeline,share_hh_zero_consumption,site
1,0,6.343213522,0.744687921,14.58130195,1588.847048,1392.031241,-12.38733503,0.06095890411,0.06095890411,0.06095890411,0.06095890411,0.035,0.02,rwanda
10,0,9.840406117,1.155255384,22.62038514,2927.069793,2159.497342,-26.22323706,0.06095890411,0.06095890411,0.06095890411,0.07849385488,0.1225,0.02,rwanda
20,0,16.02898465,1.881789288,36.84622381,5982.063809,3517.593618,-41.19765804,0.06095890411,0.06095890411,0.06095890411,0.1301657407,0.2494444444,0.02,rwanda
1,1,36.7772876,31.24092367,44.44412973,17276.5295,17213.32394,-0.3658463441,0.1300117324,0.1154238922,0.1261682212,0.1442114758,0.9997222222,0,rwanda
10,1,57.05364396,48.46492639,68.94743248,33907.45079,33738.39769,-0.4985721166,0.1642625516,0.1511992385,0.1607367733,0.1795244672,1,0,rwanda
20,1,92.93437408,78.94425818,112.3081023,66384.94693,66384.94693,0,0.198422416,0.1887965562,0.1958862558,0.2077919082,1,0,rwanda
1,0,2.160278531,0,7.730618998,737.3080866,737.3080866,-7.771561172e-14,0.09480620155,0.09480620155,0.09480620155,0.09480620155,0,0.5733333333,kenya
10,0,3.35130104,0,11.99272738,1190.002546,1143.806839,-3.881983878,0.09480620155,0.09480620155,0.09480620155,0.09480620155,0.01,0.5733333333,kenya
20,0,5.458916256,0,19.53488919,2011.14491,1863.140813,-7.359196026,0.09480620155,0.09480620155,0.09480620155,0.09480620155,0.02527777778,0.5733333333,kenya
1,1,32.59435261,29.2687871,37.29298011,13908.4825,14963.08187,7.582418662,0.1275193798,0.1098235951,0.1179017686,0.1275193798,0.6713888889,0,kenya
10,1,50.56453888,45.40549528,57.8536523,23210.79454,23212.6511,0.007998705356,0.1275193798,0.1275193798,0.1275193798,0.1275193798,0.9994444444,0,kenya
20,1,82.36430568,73.96076728,94.23750337,38521.6312,37810.96266,-1.844855794,0.1275193798,0.1275193798,0.1275193798,0.1333652572,1,0,kenya
