weather_year,ghi_kwh_m2,lcoe,worst_year_unmet_fraction,unmet_fraction,curtailed_fraction,site
2005,1770.23783,1.051986914,0.04938946789,0.008608067163,0.4902709391,rwanda
2006,1771.90033,1.052163834,0.05150012641,0.009104389209,0.4913262553,rwanda
2007,1714.90611,1.052900172,0.05537415829,0.01061129234,0.4766972489,rwanda
2008,1742.3175,1.051453251,0.04339718635,0.007400844535,0.484566768,rwanda
2009,1787.65205,1.051428429,0.04183511307,0.007343334428,0.4966070012,rwanda
2010,1820.38954,1.051672096,0.04578298272,0.008011088997,0.5046540619,rwanda
2011,1701.5706,1.054026528,0.06541370367,0.01324703995,0.4739857148,rwanda
2012,1704.66638,1.051809894,0.0494117793,0.008203366018,0.472869649,rwanda
2013,1746.59106,1.051603011,0.04781972938,0.007897879428,0.4850822472,rwanda
2014,1732.04033,1.052956489,0.05165075558,0.01037458636,0.4822624041,rwanda
2015,1742.28637,1.051509466,0.04892219239,0.007764535318,0.4827920188,rwanda
2016,1776.25892,1.051607804,0.043429344,0.007665133056,0.4920026883,rwanda
2017,1775.61817,1.051311472,0.03980646382,0.007033420117,0.4914667557,rwanda
2018,1752.49922,1.052326971,0.05088955982,0.009321791347,0.4879981341,rwanda
2019,1722.37857,1.051538456,0.04858736559,0.007785414949,0.4771583234,rwanda
2020,1723.95315,1.052371296,0.05257951363,0.009558955599,0.4793638361,rwanda
2021,1727.19002,1.052009784,0.05068714721,0.008768781079,0.4797317667,rwanda
2022,1691.10661,1.053182238,0.062047495,0.01152552351,0.4705938084,rwanda
2023,1734.35502,1.0523397,0.05129771372,0.009425320292,0.480072401,rwanda
2024,1746.22563,1.051960233,0.04941120379,0.008645943749,0.48263758,rwanda
2005,2123.94833,1.036717233,0.03615156325,0.007916034715,0.5159717601,kenya
2006,2088.63789,1.037973613,0.04655507262,0.01056151924,0.5101400704,kenya
2007,2072.98305,1.037396606,0.04918141512,0.01027494269,0.5062496283,kenya
2008,2093.77436,1.036954587,0.04309180462,0.009023846568,0.5111675721,kenya
2009,2133.29018,1.03600081,0.0339531691,0.006606321065,0.5183880477,kenya
2010,2063.06922,1.036805958,0.04423092584,0.008809351992,0.5038256587,kenya
2011,2032.51565,1.037828406,0.05437846393,0.01133380236,0.4978542836,kenya
2012,2095.34719,1.037026304,0.04171375681,0.009124147712,0.5113823681,kenya
2013,2095.9358,1.036982843,0.041924471,0.008981876844,0.5116131122,kenya
2014,2065.8416,1.036933415,0.04562069104,0.009160392791,0.5046010467,kenya
2015,2115.2934,1.035765311,0.03716011408,0.006594673544,0.5143606994,kenya
2016,2102.16669,1.037011244,0.0408242868,0.008853656708,0.5118422385,kenya
2017,2144.00323,1.035212156,0.02939795918,0.005156470273,0.5197932562,kenya
2018,2030.2182,1.038059611,0.05516714112,0.01171992223,0.4982342005,kenya
2019,2079.24853,1.037803035,0.04817991293,0.01087768986,0.5079519574,kenya
2020,2048.13122,1.036933322,0.05091456164,0.009510415042,0.5010941465,kenya
2021,2069.05059,1.037265713,0.04444107565,0.009547069904,0.5060748764,kenya
2022,1977.42766,1.038569865,0.0623819335,0.01311120161,0.4856787326,kenya
2023,2061.90783,1.036495316,0.04303295487,0.008232720745,0.5024871684,kenya
2024,2000.89913,1.038770434,0.0569362895,0.01299846089,0.4897675705,kenya
