site,penetration,phi,discount,battery_flat,battery_kwh,avoided_battery_kwh,peak_cooking_kw_flat,peak_cooking_kw_tou,peak_load_kw_year1,peak_load_kw_final_year,curtailed_fraction_tou,curtailed_fraction_flat,peak_load_kw_year1_flat,cooking_peak_change_pct,system_peak_change_pct
rwanda,0,0,0.02,180,180,0,0,0,9.787391683,24.73225133,0.5290365754,0.5290365754,9.787391683,,0
rwanda,0,0.3,0.02,180,180,0,0,0,9.787391683,24.73225133,0.5290365754,0.5290365754,9.787391683,,0
rwanda,0,0.5,0.02,180,180,0,0,0,9.787391683,24.73225133,0.5290365754,0.5290365754,9.787391683,,0
rwanda,0.5,0,0.02,480,480,0,22.51666667,22.51666667,31.98514168,80.82486003,0.4838762238,0.4838762238,31.98514168,0,0
rwanda,0.5,0.3,0.02,480,400,80,22.51666667,23.46666667,26.05180835,65.8316222,0.511384735,0.4838762238,31.98514168,4.219096965,-18.55027997
rwanda,0.5,0.5,0.02,480,400,80,22.51666667,29.75,31.1294268,78.66251113,0.4740695488,0.4838762238,31.98514168,32.12435231,-2.675351226
rwanda,1,0,0.02,780,780,0,41.21666667,41.21666667,49.8148058,125.8795332,0.4827920188,0.4827920188,49.8148058,0,0
rwanda,1,0.3,0.02,780,640,140,41.21666667,45.11666667,46.63667558,117.8485565,0.4933805708,0.4827920188,49.8148058,9.462191669,-6.379890816
rwanda,1,0.5,0.02,780,640,140,41.21666667,52.8,55.14200718,139.3411058,0.4709230782,0.4827920188,49.8148058,28.10351798,10.69401214
kenya,0,0,0.02,80,80,0,0,0,3.895263283,9.843136315,0.5505231813,0.5505231813,3.895263283,,0
kenya,0,0.3,0.02,80,80,0,0,0,3.895263283,9.843136315,0.5505231813,0.5505231813,3.895263283,,0
kenya,0,0.5,0.02,80,80,0,0,0,3.895263283,9.843136315,0.5505231813,0.5505231813,3.895263283,,0
kenya,0.5,0,0.02,380,380,0,22.51666667,22.51666667,25.99743083,65.69421292,0.4914037492,0.4914037492,25.99743083,0,0
kenya,0.5,0.3,0.02,380,300,80,22.51666667,23.46666667,24.3777707,61.60141243,0.4947821253,0.4914037492,25.99743083,4.219096965,-6.230077659
kenya,0.5,0.5,0.02,380,260,120,22.51666667,29.75,30.98668625,78.30181287,0.513991055,0.4914037492,25.99743083,32.12435231,19.1913403
kenya,1,0,0.02,660,660,0,41.21666667,41.21666667,44.47507153,112.3862907,0.5062496283,0.5062496283,44.47507153,0,0
kenya,1,0.3,0.02,660,540,120,41.21666667,45.11666667,47.65335292,120.4176495,0.4900614034,0.5062496283,44.47507153,9.462191669,7.146208608
kenya,1,0.5,0.02,660,480,180,41.21666667,52.8,55.33668625,139.8330501,0.4918458949,0.5062496283,44.47507153,28.10351798,24.42180382
