site,penetration,phi,phi_effective,tariff,discount,seed,feasible,pv_kw,battery_kwh,inverter_kw,inverter_limits_battery,lcoe,npv,irr,unmet_fraction,worst_year_unmet_fraction,curtailed_fraction,peak_load_kw_final_year,peak_load_kw_year1,peak_cooking_kw_year1,capex,gross_capex
rwanda,0,0,0,flat,0,42,True,65,180,35,True,2.638771256,-609990.2264,,0.004962774688,0.03786980861,0.5290365754,24.73225133,9.787391683,0,357004.06,357004.06
rwanda,0,0,0,tou,0,42,True,65,180,35,True,2.638771256,-609990.2264,,0.004962774688,0.03786980861,0.5290365754,24.73225133,9.787391683,0,357004.06,357004.06
rwanda,0,0,0,tou,0.02,42,True,65,180,35,True,2.638771256,-610791.7348,,0.004962774688,0.03786980861,0.5290365754,24.73225133,9.787391683,0,357004.06,357004.06
rwanda,0,0.3,0,flat,0,42,True,65,180,35,True,2.638771256,-609990.2264,,0.004962774688,0.03786980861,0.5290365754,24.73225133,9.787391683,0,357004.06,357004.06
rwanda,0,0.3,0,tou,0,42,True,65,180,35,True,2.638771256,-609990.2264,,0.004962774688,0.03786980861,0.5290365754,24.73225133,9.787391683,0,357004.06,357004.06
rwanda,0,0.3,0.3,tou,0.02,42,True,65,180,35,True,2.638771256,-610791.7348,,0.004962774688,0.03786980861,0.5290365754,24.73225133,9.787391683,0,357004.06,357004.06
rwanda,0,0.5,0,flat,0,42,True,65,180,35,True,2.638771256,-609990.2264,,0.004962774688,0.03786980861,0.5290365754,24.73225133,9.787391683,0,357004.06,357004.06
rwanda,0,0.5,0,tou,0,42,True,65,180,35,True,2.638771256,-609990.2264,,0.004962774688,0.03786980861,0.5290365754,24.73225133,9.787391683,0,357004.06,357004.06
rwanda,0,0.5,0.5,tou,0.02,42,True,65,180,35,True,2.638771256,-610791.7348,,0.004962774688,0.03786980861,0.5290365754,24.73225133,9.787391683,0,357004.06,357004.06
rwanda,0.5,0,0,flat,0,42,True,200,480,105,True,1.28562811,-950292.5431,,0.007619292065,0.04869488219,0.4838762238,80.82486003,31.98514168,22.51666667,735282.8,735282.8
rwanda,0.5,0,0,tou,0,42,True,200,480,105,True,1.28562811,-950292.5431,,0.007619292065,0.04869488219,0.4838762238,80.82486003,31.98514168,22.51666667,735282.8,735282.8
rwanda,0.5,0,0,tou,0.02,42,True,200,480,105,True,1.28562811,-954780.8705,,0.007619292065,0.04869488219,0.4838762238,80.82486003,31.98514168,22.51666667,735282.8,735282.8
rwanda,0.5,0.3,0,flat,0,42,True,200,480,105,True,1.28562811,-950292.5431,,0.007619292065,0.04869488219,0.4838762238,80.82486003,31.98514168,22.51666667,735282.8,735282.8
rwanda,0.5,0.3,0,tou,0,42,True,200,480,105,True,1.28562811,-950292.5431,,0.007619292065,0.04869488219,0.4838762238,80.82486003,31.98514168,22.51666667,735282.8,735282.8
rwanda,0.5,0.3,0.3,tou,0.02,42,True,210,400,85,True,1.242877501,-921820.859,,0.006977647587,0.04625081978,0.511384735,65.8316222,26.05180835,23.46666667,708996.04,708996.04
rwanda,0.5,0.5,0,flat,0,42,True,200,480,105,True,1.28562811,-950292.5431,,0.007619292065,0.04869488219,0.4838762238,80.82486003,31.98514168,22.51666667,735282.8,735282.8
rwanda,0.5,0.5,0,tou,0,42,True,200,480,105,True,1.28562811,-950292.5431,,0.007619292065,0.04869488219,0.4838762238,80.82486003,31.98514168,22.51666667,735282.8,735282.8
rwanda,0.5,0.5,0.5,tou,0.02,42,True,195,400,100,True,1.222826863,-906075.9732,,0.008207105581,0.04943258135,0.4740695488,78.66251113,31.1294268,29.75,692440.18,692440.18
rwanda,1,0,0,flat,0,42,True,340,780,160,True,1.051509466,-1243920.077,,0.007764535318,0.04892219239,0.4827920188,125.8795332,49.8148058,41.21666667,1113748.16,1113748.16
rwanda,1,0,0,tou,0,42,True,340,780,160,True,1.051509466,-1243920.077,,0.007764535318,0.04892219239,0.4827920188,125.8795332,49.8148058,41.21666667,1113748.16,1113748.16
rwanda,1,0,0,tou,0.02,42,True,340,780,160,True,1.051509466,-1252140.824,,0.007764535318,0.04892219239,0.4827920188,125.8795332,49.8148058,41.21666667,1113748.16,1113748.16
rwanda,1,0.3,0,flat,0,42,True,340,780,160,True,1.051509466,-1243920.077,,0.007764535318,0.04892219239,0.4827920188,125.8795332,49.8148058,41.21666667,1113748.16,1113748.16
rwanda,1,0.3,0,tou,0,42,True,340,780,160,True,1.051509466,-1243920.077,,0.007764535318,0.04892219239,0.4827920188,125.8795332,49.8148058,41.21666667,1113748.16,1113748.16
rwanda,1,0.3,0.3,tou,0.02,42,True,345,640,150,True,1.002882463,-1187696.333,,0.008043128065,0.04957320335,0.4933805708,117.8485565,46.63667558,45.11666667,1060614.78,1060614.78
rwanda,1,0.5,0,flat,0,42,True,340,780,160,True,1.051509466,-1243920.077,,0.007764535318,0.04892219239,0.4827920188,125.8795332,49.8148058,41.21666667,1113748.16,1113748.16
rwanda,1,0.5,0,tou,0,42,True,340,780,160,True,1.051509466,-1243920.077,,0.007764535318,0.04892219239,0.4827920188,125.8795332,49.8148058,41.21666667,1113748.16,1113748.16
rwanda,1,0.5,0.5,tou,0.02,42,True,330,640,175,True,0.9947828153,-1177957.443,,0.008330579916,0.04977903789,0.4709230782,139.3411058,55.14200718,52.8,1049390.92,1049390.92
kenya,0,0,0,flat,0,42,True,20,80,15,True,6.076882197,-482101.5162,,0.002661990831,0.01787927378,0.5505231813,9.843136315,3.895263283,0,232688.48,232688.48
kenya,0,0,0,tou,0,42,True,20,80,15,True,6.076882197,-482101.5162,,0.002661990831,0.01787927378,0.5505231813,9.843136315,3.895263283,0,232688.48,232688.48
kenya,0,0,0,tou,0.02,42,True,20,80,15,True,6.076882197,-482363.1025,,0.002661990831,0.01787927378,0.5505231813,9.843136315,3.895263283,0,232688.48,232688.48
kenya,0,0.3,0,flat,0,42,True,20,80,15,True,6.076882197,-482101.5162,,0.002661990831,0.01787927378,0.5505231813,9.843136315,3.895263283,0,232688.48,232688.48
kenya,0,0.3,0,tou,0,42,True,20,80,15,True,6.076882197,-482101.5162,,0.002661990831,0.01787927378,0.5505231813,9.843136315,3.895263283,0,232688.48,232688.48
kenya,0,0.3,0.3,tou,0.02,42,True,20,80,15,True,6.076882197,-482363.1025,,0.002661990831,0.01787927378,0.5505231813,9.843136315,3.895263283,0,232688.48,232688.48
kenya,0,0.5,0,flat,0,42,True,20,80,15,True,6.076882197,-482101.5162,,0.002661990831,0.01787927378,0.5505231813,9.843136315,3.895263283,0,232688.48,232688.48
kenya,0,0.5,0,tou,0,42,True,20,80,15,True,6.076882197,-482101.5162,,0.002661990831,0.01787927378,0.5505231813,9.843136315,3.895263283,0,232688.48,232688.48
kenya,0,0.5,0.5,tou,0.02,42,True,20,80,15,True,6.076882197,-482363.1025,,0.002661990831,0.01787927378,0.5505231813,9.843136315,3.895263283,0,232688.48,232688.48
kenya,0.5,0,0,flat,0,42,True,140,380,85,True,1.351489108,-811470.7282,,0.01024980191,0.04844975504,0.4914037492,65.69421292,25.99743083,22.51666667,586413.36,586413.36
kenya,0.5,0,0,tou,0,42,True,140,380,85,True,1.351489108,-811470.7282,,0.01024980191,0.04844975504,0.4914037492,65.69421292,25.99743083,22.51666667,586413.36,586413.36
kenya,0.5,0,0,tou,0.02,42,True,140,380,85,True,1.351489108,-815418.5878,,0.01024980191,0.04844975504,0.4914037492,65.69421292,25.99743083,22.51666667,586413.36,586413.36
kenya,0.5,0.3,0,flat,0,42,True,140,380,85,True,1.351489108,-811470.7282,,0.01024980191,0.04844975504,0.4914037492,65.69421292,25.99743083,22.51666667,586413.36,586413.36
kenya,0.5,0.3,0,tou,0,42,True,140,380,85,True,1.351489108,-811470.7282,,0.01024980191,0.04844975504,0.4914037492,65.69421292,25.99743083,22.51666667,586413.36,586413.36
kenya,0.5,0.3,0.3,tou,0.02,42,True,140,300,80,True,1.286292192,-774155.754,,0.01104004219,0.04970828733,0.4947821253,61.60141243,24.3777707,23.46666667,551755.36,551755.36
kenya,0.5,0.5,0,flat,0,42,True,140,380,85,True,1.351489108,-811470.7282,,0.01024980191,0.04844975504,0.4914037492,65.69421292,25.99743083,22.51666667,586413.36,586413.36
kenya,0.5,0.5,0,tou,0,42,True,140,380,85,True,1.351489108,-811470.7282,,0.01024980191,0.04844975504,0.4914037492,65.69421292,25.99743083,22.51666667,586413.36,586413.36
kenya,0.5,0.5,0.5,tou,0.02,42,True,145,260,100,True,1.284228142,-773845.995,,0.01007687722,0.04551504127,0.513991055,78.30181287,30.98668625,29.75,554607.98,554607.98
kenya,1,0,0,flat,0,42,True,270,660,145,True,1.037396606,-1116585.452,,0.01027494269,0.04918141512,0.5062496283,112.3862907,44.47507153,41.21666667,943177.48,943177.48
kenya,1,0,0,tou,0,42,True,270,660,145,True,1.037396606,-1116585.452,,0.01027494269,0.04918141512,0.5062496283,112.3862907,44.47507153,41.21666667,943177.48,943177.48
kenya,1,0,0,tou,0.02,42,True,270,660,145,True,1.037396606,-1124264.736,,0.01027494269,0.04918141512,0.5062496283,112.3862907,44.47507153,41.21666667,943177.48,943177.48
kenya,1,0.3,0,flat,0,42,True,270,660,145,True,1.037396606,-1116585.452,,0.01027494269,0.04918141512,0.5062496283,112.3862907,44.47507153,41.21666667,943177.48,943177.48
kenya,1,0.3,0,tou,0,42,True,270,660,145,True,1.037396606,-1116585.452,,0.01027494269,0.04918141512,0.5062496283,112.3862907,44.47507153,41.21666667,943177.48,943177.48
kenya,1,0.3,0.3,tou,0.02,42,True,260,540,155,True,0.979512958,-1055886.352,,0.01120442221,0.04965262686,0.4900614034,120.4176495,47.65335292,45.11666667,884152.24,884152.24
kenya,1,0.5,0,flat,0,42,True,270,660,145,True,1.037396606,-1116585.452,,0.01027494269,0.04918141512,0.5062496283,112.3862907,44.47507153,41.21666667,943177.48,943177.48
kenya,1,0.5,0,tou,0,42,True,270,660,145,True,1.037396606,-1116585.452,,0.01027494269,0.04918141512,0.5062496283,112.3862907,44.47507153,41.21666667,943177.48,943177.48
kenya,1,0.5,0.5,tou,0.02,42,True,260,480,175,True,0.9637374497,-1038213.535,,0.01125599336,0.04996614787,0.4918458949,139.8330501,55.33668625,52.8,870822.24,870822.24
