penetration,phi,phi_effective,tariff,discount,seed,feasible,pv_kw,battery_kwh,inverter_kw,inverter_limits_battery,lcoe,npv,irr,unmet_fraction,worst_year_unmet_fraction,curtailed_fraction,peak_load_kw_final_year,peak_load_kw_year1,peak_cooking_kw_year1,capex,gross_capex
0,0,0,flat,0,42,True,20,80,15,True,6.076882197,-482101.5162,,0.002661990831,0.01787927378,0.5505231813,9.843136315,3.895263283,0,232688.48,232688.48
0,0,0,tou,0,42,True,20,80,15,True,6.076882197,-482101.5162,,0.002661990831,0.01787927378,0.5505231813,9.843136315,3.895263283,0,232688.48,232688.48
0,0,0,tou,0.02,42,True,20,80,15,True,6.076882197,-482363.1025,,0.002661990831,0.01787927378,0.5505231813,9.843136315,3.895263283,0,232688.48,232688.48
0,0.3,0,flat,0,42,True,20,80,15,True,6.076882197,-482101.5162,,0.002661990831,0.01787927378,0.5505231813,9.843136315,3.895263283,0,232688.48,232688.48
0,0.3,0,tou,0,42,True,20,80,15,True,6.076882197,-482101.5162,,0.002661990831,0.01787927378,0.5505231813,9.843136315,3.895263283,0,232688.48,232688.48
0,0.3,0.3,tou,0.02,42,True,20,80,15,True,6.076882197,-482363.1025,,0.002661990831,0.01787927378,0.5505231813,9.843136315,3.895263283,0,232688.48,232688.48
0,0.5,0,flat,0,42,True,20,80,15,True,6.076882197,-482101.5162,,0.002661990831,0.01787927378,0.5505231813,9.843136315,3.895263283,0,232688.48,232688.48
0,0.5,0,tou,0,42,True,20,80,15,True,6.076882197,-482101.5162,,0.002661990831,0.01787927378,0.5505231813,9.843136315,3.895263283,0,232688.48,232688.48
0,0.5,0.5,tou,0.02,42,True,20,80,15,True,6.076882197,-482363.1025,,0.002661990831,0.01787927378,0.5505231813,9.843136315,3.895263283,0,232688.48,232688.48
0.5,0,0,flat,0,42,True,140,380,85,True,1.351489108,-811470.7282,,0.01024980191,0.04844975504,0.4914037492,65.69421292,25.99743083,22.51666667,586413.36,586413.36
0.5,0,0,tou,0,42,True,140,380,85,True,1.351489108,-811470.7282,,0.01024980191,0.04844975504,0.4914037492,65.69421292,25.99743083,22.51666667,586413.36,586413.36
0.5,0,0,tou,0.02,42,True,140,380,85,True,1.351489108,-815418.5878,,0.01024980191,0.04844975504,0.4914037492,65.69421292,25.99743083,22.51666667,586413.36,586413.36
0.5,0.3,0,flat,0,42,True,140,380,85,True,1.351489108,-811470.7282,,0.01024980191,0.04844975504,0.4914037492,65.69421292,25.99743083,22.51666667,586413.36,586413.36
0.5,0.3,0,tou,0,42,True,140,380,85,True,1.351489108,-811470.7282,,0.01024980191,0.04844975504,0.4914037492,65.69421292,25.99743083,22.51666667,586413.36,586413.36
0.5,0.3,0.3,tou,0.02,42,True,140,300,80,True,1.286292192,-774155.754,,0.01104004219,0.04970828733,0.4947821253,61.60141243,24.3777707,23.46666667,551755.36,551755.36
0.5,0.5,0,flat,0,42,True,140,380,85,True,1.351489108,-811470.7282,,0.01024980191,0.04844975504,0.4914037492,65.69421292,25.99743083,22.51666667,586413.36,586413.36
0.5,0.5,0,tou,0,42,True,140,380,85,True,1.351489108,-811470.7282,,0.01024980191,0.04844975504,0.4914037492,65.69421292,25.99743083,22.51666667,586413.36,586413.36
0.5,0.5,0.5,tou,0.02,42,True,145,260,100,True,1.284228142,-773845.995,,0.01007687722,0.04551504127,0.513991055,78.30181287,30.98668625,29.75,554607.98,554607.98
1,0,0,flat,0,42,True,270,660,145,True,1.037396606,-1116585.452,,0.01027494269,0.04918141512,0.5062496283,112.3862907,44.47507153,41.21666667,943177.48,943177.48
1,0,0,tou,0,42,True,270,660,145,True,1.037396606,-1116585.452,,0.01027494269,0.04918141512,0.5062496283,112.3862907,44.47507153,41.21666667,943177.48,943177.48
1,0,0,tou,0.02,42,True,270,660,145,True,1.037396606,-1124264.736,,0.01027494269,0.04918141512,0.5062496283,112.3862907,44.47507153,41.21666667,943177.48,943177.48
1,0.3,0,flat,0,42,True,270,660,145,True,1.037396606,-1116585.452,,0.01027494269,0.04918141512,0.5062496283,112.3862907,44.47507153,41.21666667,943177.48,943177.48
1,0.3,0,tou,0,42,True,270,660,145,True,1.037396606,-1116585.452,,0.01027494269,0.04918141512,0.5062496283,112.3862907,44.47507153,41.21666667,943177.48,943177.48
1,0.3,0.3,tou,0.02,42,True,260,540,155,True,0.979512958,-1055886.352,,0.01120442221,0.04965262686,0.4900614034,120.4176495,47.65335292,45.11666667,884152.24,884152.24
1,0.5,0,flat,0,42,True,270,660,145,True,1.037396606,-1116585.452,,0.01027494269,0.04918141512,0.5062496283,112.3862907,44.47507153,41.21666667,943177.48,943177.48
1,0.5,0,tou,0,42,True,270,660,145,True,1.037396606,-1116585.452,,0.01027494269,0.04918141512,0.5062496283,112.3862907,44.47507153,41.21666667,943177.48,943177.48
1,0.5,0.5,tou,0.02,42,True,260,480,175,True,0.9637374497,-1038213.535,,0.01125599336,0.04996614787,0.4918458949,139.8330501,55.33668625,52.8,870822.24,870822.24
