site,basis,year,kwh_no_ecooking,kwh_full_ecooking,rate_no_ecooking,rate_full_ecooking,factor
rwanda,illustrative,,15,60,0.06095890411,0.1686073059,2.765917603
rwanda,simulated,1,6.343213522,36.7772876,0.06095890411,0.1300117324,2.132776734
rwanda,simulated,5,7.710215682,44.70302293,0.06095890411,0.1446063389,2.372193875
rwanda,simulated,10,9.840406117,57.05364396,0.06095890411,0.1642625516,2.694644106
rwanda,simulated,20,16.02898465,92.93437408,0.06095890411,0.198422416,3.255019409
kenya,illustrative,,15,60,0.09480620155,0.1275193798,1.345053148
kenya,simulated,1,2.160278531,32.59435261,0.09480620155,0.1275193798,1.345053148
kenya,simulated,5,2.625832056,39.61863931,0.09480620155,0.1275193798,1.345053148
kenya,simulated,10,3.35130104,50.56453888,0.09480620155,0.1275193798,1.345053148
kenya,simulated,20,5.458916256,82.36430568,0.09480620155,0.1275193798,1.345053148
