response,phi_nominal,phi_effective,discount,battery_kwh,avoided_battery_kwh,lcoe,lcoe_change_pct,npv,operator_npv_gain,site
step,0.3,0,0,780,0,1.051509466,0,-1243920.077,0,rwanda
step,0.3,0.3,0.005,640,140,1.002882463,-4.624495023,-1179901.312,64018.76514,rwanda
step,0.3,0.3,0.01,640,140,1.002882463,-4.624495023,-1182499.652,61420.42472,rwanda
step,0.3,0.3,0.015,640,140,1.002882463,-4.624495023,-1185097.993,58822.0843,rwanda
step,0.3,0.3,0.02,640,140,1.002882463,-4.624495023,-1187696.333,56223.74389,rwanda
step,0.3,0.3,0.03,640,140,1.002882463,-4.624495023,-1192893.014,51027.06305,rwanda
step,0.3,0.3,0.04,640,140,1.002882463,-4.624495023,-1198089.695,45830.38222,rwanda
step,0.3,0.3,0.05,640,140,1.002882463,-4.624495023,-1203286.375,40633.70138,rwanda
step,0.3,0.3,0.075,640,140,1.002882463,-4.624495023,-1216278.078,27641.99929,rwanda
step,0.3,0.3,0.1,640,140,1.002882463,-4.624495023,-1229269.78,14650.2972,rwanda
step,0.3,0.3,0.125,640,140,1.002882463,-4.624495023,-1242254.65,1665.427286,rwanda
step,0.5,0,0,780,0,1.051509466,0,-1243920.077,0,rwanda
step,0.5,0.5,0.005,640,140,0.9947828153,-5.394782688,-1169074.638,74845.43867,rwanda
step,0.5,0.5,0.01,640,140,0.9947828153,-5.394782688,-1172035.573,71884.5036,rwanda
step,0.5,0.5,0.015,640,140,0.9947828153,-5.394782688,-1174996.508,68923.56854,rwanda
step,0.5,0.5,0.02,640,140,0.9947828153,-5.394782688,-1177957.443,65962.63347,rwanda
step,0.5,0.5,0.03,640,140,0.9947828153,-5.394782688,-1183879.314,60040.76335,rwanda
step,0.5,0.5,0.04,640,140,0.9947828153,-5.394782688,-1189801.184,54118.89322,rwanda
step,0.5,0.5,0.05,640,140,0.9947828153,-5.394782688,-1195723.054,48197.02309,rwanda
step,0.5,0.5,0.075,640,140,0.9947828153,-5.394782688,-1210527.729,33392.34777,rwanda
step,0.5,0.5,0.1,640,140,0.9947828153,-5.394782688,-1225332.404,18587.67245,rwanda
step,0.5,0.5,0.125,640,140,0.9947828153,-5.394782688,-1240129.28,3790.796534,rwanda
elastic,0.3,0,0,780,0,1.051509466,0,-1243920.077,0,rwanda
elastic,0.3,0.075,0.005,760,20,1.03246949,-1.810728003,-1220016.918,23903.15909,rwanda
elastic,0.3,0.15,0.01,720,60,1.016122273,-3.365370815,-1199992.533,43927.54377,rwanda
elastic,0.3,0.225,0.015,680,100,1.003585694,-4.55761676,-1185693.161,58226.91578,rwanda
elastic,0.3,0.3,0.02,640,140,1.002882463,-4.624495023,-1187696.333,56223.74389,rwanda
elastic,0.3,0.3,0.03,640,140,1.002882463,-4.624495023,-1192893.014,51027.06305,rwanda
elastic,0.3,0.3,0.04,640,140,1.002882463,-4.624495023,-1198089.695,45830.38222,rwanda
elastic,0.3,0.3,0.05,640,140,1.002882463,-4.624495023,-1203286.375,40633.70138,rwanda
elastic,0.3,0.3,0.075,640,140,1.002882463,-4.624495023,-1216278.078,27641.99929,rwanda
elastic,0.3,0.3,0.1,640,140,1.002882463,-4.624495023,-1229269.78,14650.2972,rwanda
elastic,0.3,0.3,0.125,640,140,1.002882463,-4.624495023,-1242254.65,1665.427286,rwanda
elastic,0.5,0,0,780,0,1.051509466,0,-1243920.077,0,rwanda
elastic,0.5,0.125,0.005,720,60,1.021988908,-2.807445779,-1205769.58,38150.49658,rwanda
elastic,0.5,0.25,0.01,680,100,0.9977322562,-5.114286794,-1175177.086,68742.9913,rwanda
elastic,0.5,0.375,0.015,660,120,0.9942832232,-5.442294581,-1173593.699,70326.37816,rwanda
elastic,0.5,0.5,0.02,640,140,0.9947828153,-5.394782688,-1177957.443,65962.63347,rwanda
elastic,0.5,0.5,0.03,640,140,0.9947828153,-5.394782688,-1183879.314,60040.76335,rwanda
elastic,0.5,0.5,0.04,640,140,0.9947828153,-5.394782688,-1189801.184,54118.89322,rwanda
elastic,0.5,0.5,0.05,640,140,0.9947828153,-5.394782688,-1195723.054,48197.02309,rwanda
elastic,0.5,0.5,0.075,640,140,0.9947828153,-5.394782688,-1210527.729,33392.34777,rwanda
elastic,0.5,0.5,0.1,640,140,0.9947828153,-5.394782688,-1225332.404,18587.67245,rwanda
elastic,0.5,0.5,0.125,640,140,0.9947828153,-5.394782688,-1240129.28,3790.796534,rwanda
step,0.3,0,0,660,0,1.037396606,0,-1116585.452,0,kenya
step,0.3,0.3,0.005,540,120,0.979512958,-5.579702887,-1048498.054,68087.39809,kenya
step,0.3,0.3,0.01,540,120,0.979512958,-5.579702887,-1050960.82,65624.63201,kenya
step,0.3,0.3,0.015,540,120,0.979512958,-5.579702887,-1053423.586,63161.86592,kenya
step,0.3,0.3,0.02,540,120,0.979512958,-5.579702887,-1055886.352,60699.09984,kenya
step,0.3,0.3,0.03,540,120,0.979512958,-5.579702887,-1060811.884,55773.56768,kenya
step,0.3,0.3,0.04,540,120,0.979512958,-5.579702887,-1065737.417,50848.03551,kenya
step,0.3,0.3,0.05,540,120,0.979512958,-5.579702887,-1070662.949,45922.50334,kenya
step,0.3,0.3,0.075,540,120,0.979512958,-5.579702887,-1082976.779,33608.67293,kenya
step,0.3,0.3,0.1,540,120,0.979512958,-5.579702887,-1095290.61,21294.84252,kenya
step,0.3,0.3,0.125,540,120,0.979512958,-5.579702887,-1107604.44,8981.012106,kenya
step,0.5,0,0,660,0,1.037396606,0,-1116585.452,0,kenya
step,0.5,0.5,0.005,480,180,0.9637374497,-7.100385353,-1029739.529,86845.92283,kenya
step,0.5,0.5,0.01,480,180,0.9637374497,-7.100385353,-1032564.198,84021.25413,kenya
step,0.5,0.5,0.015,480,180,0.9637374497,-7.100385353,-1035388.867,81196.58544,kenya
step,0.5,0.5,0.02,480,180,0.9637374497,-7.100385353,-1038213.535,78371.91675,kenya
step,0.5,0.5,0.03,480,180,0.9637374497,-7.100385353,-1043862.873,72722.57936,kenya
step,0.5,0.5,0.04,480,180,0.9637374497,-7.100385353,-1049512.21,67073.24198,kenya
step,0.5,0.5,0.05,480,180,0.9637374497,-7.100385353,-1055161.547,61423.90459,kenya
step,0.5,0.5,0.075,480,180,0.9637374497,-7.100385353,-1069284.891,47300.56113,kenya
step,0.5,0.5,0.1,480,180,0.9637374497,-7.100385353,-1083408.234,33177.21766,kenya
step,0.5,0.5,0.125,480,180,0.9637374497,-7.100385353,-1097531.578,19053.8742,kenya
elastic,0.3,0,0,660,0,1.037396606,0,-1116585.452,0,kenya
elastic,0.3,0.075,0.005,620,40,1.014491365,-2.20795413,-1090799.468,25785.9837,kenya
elastic,0.3,0.15,0.01,600,60,0.9973636,-3.858987598,-1072351.615,44233.83657,kenya
elastic,0.3,0.225,0.015,560,100,0.9855026402,-5.002326578,-1060445.99,56139.46242,kenya
elastic,0.3,0.3,0.02,540,120,0.979512958,-5.579702887,-1055886.352,60699.09984,kenya
elastic,0.3,0.3,0.03,540,120,0.979512958,-5.579702887,-1060811.884,55773.56768,kenya
elastic,0.3,0.3,0.04,540,120,0.979512958,-5.579702887,-1065737.417,50848.03551,kenya
elastic,0.3,0.3,0.05,540,120,0.979512958,-5.579702887,-1070662.949,45922.50334,kenya
elastic,0.3,0.3,0.075,540,120,0.979512958,-5.579702887,-1082976.779,33608.67293,kenya
elastic,0.3,0.3,0.1,540,120,0.979512958,-5.579702887,-1095290.61,21294.84252,kenya
elastic,0.3,0.3,0.125,540,120,0.979512958,-5.579702887,-1107604.44,8981.012106,kenya
elastic,0.5,0,0,660,0,1.037396606,0,-1116585.452,0,kenya
elastic,0.5,0.125,0.005,600,60,1.004003359,-3.218947012,-1078283.632,38301.82026,kenya
elastic,0.5,0.25,0.01,540,120,0.9839195577,-5.154928055,-1056443.333,60142.11948,kenya
elastic,0.5,0.375,0.015,500,160,0.9697562098,-6.520206082,-1042140.442,74445.01037,kenya
elastic,0.5,0.5,0.02,480,180,0.9637374497,-7.100385353,-1038213.535,78371.91675,kenya
elastic,0.5,0.5,0.03,480,180,0.9637374497,-7.100385353,-1043862.873,72722.57936,kenya
elastic,0.5,0.5,0.04,480,180,0.9637374497,-7.100385353,-1049512.21,67073.24198,kenya
elastic,0.5,0.5,0.05,480,180,0.9637374497,-7.100385353,-1055161.547,61423.90459,kenya
elastic,0.5,0.5,0.075,480,180,0.9637374497,-7.100385353,-1069284.891,47300.56113,kenya
elastic,0.5,0.5,0.1,480,180,0.9637374497,-7.100385353,-1083408.234,33177.21766,kenya
elastic,0.5,0.5,0.125,480,180,0.9637374497,-7.100385353,-1097531.578,19053.8742,kenya
